product_id,external_name,category,supplier_code,weight_kg
1,Produto externo 0000001,Alimentos,FORN-00028,17.672
2,Produto externo 0000002,Papelaria,FORN-00006,0.507
3,Produto externo 0000003,Tecnologia,FORN-00025,9.601
4,Produto externo 0000004,Eletrônicos,FORN-00026,19.349
5,Produto externo 0000005,Livros,FORN-00009,6.837
6,Produto externo 0000006,Jardim,FORN-00021,17.842
7,Produto externo 0000007,Esporte,FORN-00028,4.796
8,Produto externo 0000008,Tecnologia,FORN-00025,0.939
9,Produto externo 0000009,Tecnologia,FORN-00006,20.031
10,Produto externo 0000010,Eletrônicos,FORN-00020,12.641
11,Produto externo 0000011,Casa,FORN-00023,23.428
12,Produto externo 0000012,Papelaria,FORN-00012,20.753
13,Produto externo 0000013,Alimentos,FORN-00020,4.194
14,Produto externo 0000014,Moda,FORN-00025,6.092
15,Produto externo 0000015,Tecnologia,FORN-00028,22.243
16,Produto externo 0000016,Tecnologia,FORN-00007,1.892
17,Produto externo 0000017,Moda,FORN-00007,3.85
18,Produto externo 0000018,Livros,FORN-00014,20.117
19,Produto externo 0000019,Eletrônicos,FORN-00012,16.365
20,Produto externo 0000020,Beleza,FORN-00021,20.381
21,Produto externo 0000021,Moda,FORN-00002,11.387
22,Produto externo 0000022,Livros,FORN-00019,3.859
23,Produto externo 0000023,Esporte,FORN-00004,8.789
24,Produto externo 0000024,Papelaria,FORN-00029,23.723
25,Produto externo 0000025,BELEZA,FORN-00012,24.525
26,Produto externo 0000026,Esporte,FORN-00001,16.177
27,Produto externo 0000027,Alimentos,FORN-00028,26.962
28,Produto externo 0000028,Brinquedos,FORN-00018,15.997
29,Produto externo 0000029,Alimentos,FORN-00029,9.851
30,Produto externo 0000030,Eletrônicos,FORN-00006,4.981
31,Produto externo 0000031,Eletrônicos,FORN-00014,7.647
32,Produto externo 0000032,Eletrônicos,FORN-00027,22.449
33,Produto externo 0000033, Jardim ,FORN-00010,2.015
34,Produto externo 0000034,Eletrônicos,FORN-00006,14.948
35,Produto externo 0000035,Pet,FORN-00008,26.637
36,Produto externo 0000036,Eletrônicos,FORN-00020,11.231
37,Produto externo 0000037,Esporte,FORN-00013,7.791
38,Produto externo 0000038,Casa,FORN-00002,1.991
39,Produto externo 0000039,Casa,FORN-00026,17.803
40,Produto externo 0000040,Tecnologia,FORN-00008,1.757
41,Produto externo 0000041,Tecnologia,FORN-00026,12.396
42,Produto externo 0000042,Livros,FORN-00001,8.181
43,Produto externo 0000043,Casa,FORN-00025,15.226
44,Produto externo 0000044,Beleza,FORN-00030,27.57
45,Produto externo 0000045,Alimentos,FORN-00021,27.788
46,Produto externo 0000046,Beleza,FORN-00028,20.597
47,Produto externo 0000047,Papelaria,FORN-00007,11.709
48,Produto externo 0000048,Brinquedos,FORN-00021,19.072
49,Produto externo 0000049,Papelaria,FORN-00009,13.906
50,Produto externo 0000050,Brinquedos,FORN-00003,4.423
51,Produto externo 0000051,Tecnologia,FORN-00020,3.469
52,Produto externo 0000052,Moda,FORN-00028,21.816
53,Produto externo 0000053,Papelaria,FORN-00029,11.24
54,Produto externo 0000054,Moda,FORN-00023,11.001
55,Produto externo 0000055,Esporte,FORN-00015,6.466
56,Produto externo 0000056,Jardim,FORN-00025,17.411
57,Produto externo 0000057,Jardim,FORN-00022,17.239
58,Produto externo 0000058,Esporte,FORN-00016,12.335
59,Produto externo 0000059,Casa,FORN-00019,20.268
60,Produto externo 0000060,Pet,FORN-00005,24.983
61,Produto externo 0000061,Esporte,FORN-00003,19.832
62,Produto externo 0000062,Livros,FORN-00007,1.747
63,Produto externo 0000063,Eletrônicos,FORN-00009,18.669
64,Produto externo 0000064,Alimentos,FORN-00018,26.681
65,Produto externo 0000065,Eletrônicos,FORN-00019,21.957
66,Produto externo 0000066,Alimentos,FORN-00028,28.558
67,Produto externo 0000067,Esporte,FORN-00007,12.758
68,Produto externo 0000068,Alimentos,FORN-00001,12.806
69,Produto externo 0000069,Moda,FORN-00018,28.112
70,Produto externo 0000070,Eletrônicos,FORN-00001,11.632
71,Produto externo 0000071,Papelaria,FORN-00013,5.023
72,Produto externo 0000072,Livros,FORN-00002,2.998
73,Produto externo 0000073,Jardim,FORN-00008,19.552
74,Produto externo 0000074,Papelaria,FORN-00009,18.591
75,Produto externo 0000075,Casa,FORN-00020,6.072
76,Produto externo 0000076,Casa,FORN-00008,5.476
76,Produto externo 0000076,Casa,FORN-00008,5.476
77,Produto externo 0000077,Brinquedos,FORN-00015,14.956
78,Produto externo 0000078,Livros,FORN-00025,20.834
79,Produto externo 0000079,Papelaria,FORN-00020,23.081
80,Produto externo 0000080,Tecnologia,FORN-00009,17.639
81,Produto externo 0000081,Papelaria,FORN-00026,10.783
82,Produto externo 0000082,Livros,FORN-00013,5.654
83,Produto externo 0000083,Moda,FORN-00007,12.025
84,Produto externo 0000084,Casa,FORN-00002,28.534
85,Produto externo 0000085,Jardim,FORN-00020,9.35
86,Produto externo 0000086,Livros,FORN-00001,19.699
87,Produto externo 0000087,Moda,FORN-00018,4.066
88,Produto externo 0000088,Livros,FORN-00021,13.514
89,Produto externo 0000089,Beleza,FORN-00006,29.656
90,Produto externo 0000090,Beleza,FORN-00016,16.627
91,Produto externo 0000091,Eletrônicos,FORN-00022,8.745
92,Produto externo 0000092,Livros,FORN-00009,29.843
93,Produto externo 0000093,Alimentos,FORN-00011,23.077
94,Produto externo 0000094,Casa,FORN-00016,24.316
95,Produto externo 0000095,Alimentos,FORN-00012,27.07
96,Produto externo 0000096,Eletrônicos,FORN-00014,27.045
97,Produto externo 0000097,Alimentos,FORN-00010,22.977
98,Produto externo 0000098,Esporte,FORN-00029,15.433
99,Produto externo 0000099,Beleza,FORN-00020,12.569
100,Produto externo 0000100,Brinquedos,FORN-00001,26.398
101,Produto externo 0000101,Livros,FORN-00004,12.094
102,Produto externo 0000102,Jardim,FORN-00012,2.396
103,Produto externo 0000103,Moda,FORN-00017,25.241
104,Produto externo 0000104,Papelaria,FORN-00017,23.602
105,Produto externo 0000105,Jardim,FORN-00018,26.491
106,Produto externo 0000106,MODA,FORN-00028,3.629
107,Produto externo 0000107,Pet,FORN-00024,5.407
108,Produto externo 0000108,Moda,FORN-00008,29.987
109,Produto externo 0000109,Beleza,FORN-00008,25.693
110,Produto externo 0000110,Eletrônicos,FORN-00022,20.772
111,Produto externo 0000111,Jardim,FORN-00016,29.823
112,Produto externo 0000112,Esporte,FORN-00021,5.755
113,Produto externo 0000113,Moda,FORN-00030,19.662
114,Produto externo 0000114,Alimentos,FORN-00016,24.499
115,Produto externo 0000115,Livros,FORN-00030,14.276
116,Produto externo 0000116,Moda,FORN-00019,24.496
117,Produto externo 0000117,Jardim,FORN-00017,27.831
118,Produto externo 0000118,Brinquedos,FORN-00024,9.566
119,Produto externo 0000119,Tecnologia,FORN-00022,14.61
120,Produto externo 0000120,Jardim,FORN-00026,1.571
121,Produto externo 0000121,Pet,FORN-00019,28.284
122,Produto externo 0000122,Jardim,FORN-00012,23.637
123,Produto externo 0000123,Jardim,FORN-00006,9.677
124,Produto externo 0000124,Moda,FORN-00002,1.558
125,Produto externo 0000125,Casa,FORN-00020,25.363
126,Produto externo 0000126,Casa,FORN-00027,12.586
127,Produto externo 0000127,Jardim,FORN-00009,27.729
128,Produto externo 0000128,Tecnologia,FORN-00013,17.908
129,Produto externo 0000129,Eletrônicos,FORN-00026,14.541
130,Produto externo 0000130,Pet,FORN-00016,17.106
131,Produto externo 0000131,Livros,FORN-00016,0.287
132,Produto externo 0000132,Eletrônicos,FORN-00025,7.816
133,Produto externo 0000133,Tecnologia,FORN-00010,15.741
134,Produto externo 0000134,Casa,FORN-00017,14.017
135,Produto externo 0000135,Papelaria,FORN-00006,8.982
136,Produto externo 0000136,Moda,FORN-00026,6.28
137,Produto externo 0000137,Moda,FORN-00026,10.699
138,Produto externo 0000138,Pet,FORN-00009,4.192
139,Produto externo 0000139,Papelaria,FORN-00017,0.895
140,Produto externo 0000140,Alimentos,FORN-00016,23.092
141,Produto externo 0000141,Pet,FORN-00006,0.975
142,Produto externo 0000142,Tecnologia,FORN-00018,27.951
143,Produto externo 0000143,Moda,FORN-00001,22.631
144,Produto externo 0000144,Papelaria,FORN-00024,18.49
145,Produto externo 0000145,Casa,FORN-00025,20.342
146,Produto externo 0000146,Livros,FORN-00003,5.94
147,Produto externo 0000147,Pet,FORN-00024,16.192
148,Produto externo 0000148,Livros,FORN-00016,15.967
149,Produto externo 0000149,Casa,FORN-00021,3.17
150,Produto externo 0000150,Pet,FORN-00006,13.581
151,Produto externo 0000151,Casa,FORN-00024,18.286
152,Produto externo 0000152,Brinquedos,FORN-00023,7.295
153,Produto externo 0000153,Casa,FORN-00017,5.26
154,Produto externo 0000154,Pet,FORN-00003,9.894
155,Produto externo 0000155,Brinquedos,FORN-00008,2.338
156,Produto externo 0000156,Jardim,FORN-00022,8.205
157,Produto externo 0000157,Moda,FORN-00023,7.465
158,Produto externo 0000158,Casa,FORN-00016,5.413
159,Produto externo 0000159,Esporte,FORN-00012,23.006
160,Produto externo 0000160,Casa,FORN-00022,23.324
161,Produto externo 0000161,Papelaria,FORN-00027,26.833
162,Produto externo 0000162,Pet,FORN-00022,8.438
163,Produto externo 0000163,Tecnologia,FORN-00013,17.25
164,Produto externo 0000164,Eletrônicos,FORN-00021,14.677
165,Produto externo 0000165,Tecnologia,FORN-00002,12.537
166,Produto externo 0000166, Eletrônicos ,FORN-00014,9.666
167,Produto externo 0000167,Alimentos,FORN-00008,0.519
168,Produto externo 0000168,Esporte,FORN-00018,10.311
169,Produto externo 0000169,Casa,FORN-00012,12.671
170,Produto externo 0000170,Jardim,FORN-00015,18.077
171,Produto externo 0000171,Beleza,FORN-00011,27.042
172,Produto externo 0000172,Brinquedos,FORN-00016,29.181
173,Produto externo 0000173,Tecnologia,FORN-00020,10.147
174,Produto externo 0000174,Brinquedos,FORN-00001,9.589
175,Produto externo 0000175,Tecnologia,FORN-00014,17.605
176,Produto externo 0000176,Jardim,FORN-00010,8.988
177,Produto externo 0000177,Livros,FORN-00012,26.84
178,Produto externo 0000178,Brinquedos,FORN-00001,14.244
179,Produto externo 0000179,Esporte,FORN-00019,10.106
180,Produto externo 0000180,Esporte,FORN-00028,17.403
181,Produto externo 0000181,Casa,FORN-00021,6.646
182,Produto externo 0000182,Moda,FORN-00015,18.972
183,Produto externo 0000183,Livros,FORN-00006,13.028
184,Produto externo 0000184,Livros,FORN-00007,14.94
185,Produto externo 0000185,Tecnologia,FORN-00001,19.606
186,Produto externo 0000186,Livros,FORN-00012,21.845
187,Produto externo 0000187,Casa,FORN-00022,22.745
188,Produto externo 0000188,Pet,FORN-00030,0.901
189,Produto externo 0000189,Moda,FORN-00013,24.559
190,Produto externo 0000190,Livros,FORN-00030,2.152
191,Produto externo 0000191,Eletrônicos,FORN-00029,12.853
192,Produto externo 0000192,Pet,FORN-00014,25.282
193,Produto externo 0000193,Beleza,FORN-00030,21.564
194,Produto externo 0000194,Pet,FORN-00012,3.864
195,Produto externo 0000195,Alimentos,FORN-00012,22.26
196,Produto externo 0000196,Pet,FORN-00019,10.153
197,Produto externo 0000197,Alimentos,FORN-00030,17.305
198,Produto externo 0000198,Casa,FORN-00007,9.438
199,Produto externo 0000199,Tecnologia,FORN-00015,24.867
200,Produto externo 0000200,Beleza,FORN-00018,6.843
201,Produto externo 0000201,Livros,FORN-00001,13.762
202,Produto externo 0000202,Moda,FORN-00021,28.826
203,Produto externo 0000203,Alimentos,FORN-00020,11.93
204,Produto externo 0000204,Esporte,FORN-00029,18.983
205,Produto externo 0000205,Papelaria,FORN-00007,28.772
206,Produto externo 0000206,Moda,FORN-00029,11.321
207,Produto externo 0000207,Tecnologia,FORN-00028,2.564
208,Produto externo 0000208,Tecnologia,FORN-00014,9.324
209,Produto externo 0000209,Jardim,FORN-00017,18.17
210,Produto externo 0000210,Papelaria,FORN-00021,18.331
211,Produto externo 0000211,Pet,FORN-00016,19.793
212,Produto externo 0000212,Tecnologia,FORN-00016,7.451
213,Produto externo 0000213,Jardim,FORN-00029,21.561
214,Produto externo 0000214,Moda,FORN-00025,0.383
215,Produto externo 0000215,Esporte,FORN-00020,11.295
216,Produto externo 0000216,Beleza,FORN-00018,6.951
217,Produto externo 0000217,Brinquedos,FORN-00009,5.217
218,Produto externo 0000218,Tecnologia,FORN-00024,7.064
219,Produto externo 0000219,Beleza,FORN-00005,28.804
220,Produto externo 0000220,Eletrônicos,FORN-00027,3.991
221,Produto externo 0000221,Casa,FORN-00013,16.121
222,Produto externo 0000222,Tecnologia,FORN-00018,19.664
223,Produto externo 0000223,Pet,FORN-00024,1.722
224,Produto externo 0000224,Livros,FORN-00022,23.562
225,Produto externo 0000225,Brinquedos,FORN-00018,24.106
226,Produto externo 0000226,Alimentos,FORN-00003,1.592
227,Produto externo 0000227,Eletrônicos,FORN-00008,18.154
228,Produto externo 0000228,Moda,FORN-00011,17.218
229,Produto externo 0000229,Eletrônicos,FORN-00003,0.767
230,Produto externo 0000230,Papelaria,FORN-00008,19.239
231,Produto externo 0000231,Alimentos,FORN-00005,16.604
232,Produto externo 0000232,Beleza,FORN-00013,7.986
233,Produto externo 0000233,Casa,FORN-00018,19.538
234,Produto externo 0000234,Brinquedos,FORN-00015,3.424
235,Produto externo 0000235,Papelaria,FORN-00029,0.25
236,Produto externo 0000236,Tecnologia,FORN-00022,26.679
237,Produto externo 0000237,Brinquedos,FORN-00019,1.999
238,Produto externo 0000238,Pet,FORN-00013,6.066
239,Produto externo 0000239,Eletrônicos,FORN-00016,5.492
240,Produto externo 0000240,Jardim,FORN-00010,8.98
241,Produto externo 0000241,beleza,FORN-00023,14.519
242,Produto externo 0000242,Moda,FORN-00027,29.831
243,Produto externo 0000243,Jardim,FORN-00015,17.956
244,Produto externo 0000244,Eletrônicos,FORN-00007,27.911
245,Produto externo 0000245,brinquedos,FORN-00011,4.603
246,Produto externo 0000246,Tecnologia,FORN-00023,21.816
247,Produto externo 0000247,Beleza,FORN-00016,9.784
248,Produto externo 0000248,Alimentos,FORN-00029,0.2
249,Produto externo 0000249,Pet,FORN-00008,25.53
250,Produto externo 0000250,Livros,FORN-00026,14.144
251,Produto externo 0000251,Esporte,FORN-00013,12.753
252,Produto externo 0000252,Beleza,FORN-00011,27.412
253,Produto externo 0000253,Eletrônicos,FORN-00030,1.094
254,Produto externo 0000254,Casa,FORN-00012,23.069
255,Produto externo 0000255,Casa,FORN-00026,1.382
256,Produto externo 0000256,Brinquedos,FORN-00023,15.956
257,Produto externo 0000257,Brinquedos,FORN-00019,7.269
258,Produto externo 0000258,Tecnologia,FORN-00026,13.35
259,Produto externo 0000259,Eletrônicos,FORN-00024,24.288
260,Produto externo 0000260,Pet,FORN-00002,3.803
261,Produto externo 0000261,Jardim,FORN-00006,8.448
262,Produto externo 0000262,Esporte,FORN-00025,29.739
263,Produto externo 0000263,Moda,FORN-00005,11.358
264,Produto externo 0000264,Beleza,FORN-00020,21.748
265,Produto externo 0000265,Livros,FORN-00026,8.198
266,Produto externo 0000266,Tecnologia,FORN-00016,17.211
267,Produto externo 0000267,Moda,FORN-00017,23.371
268,Produto externo 0000268,Eletrônicos,FORN-00006,23.929
269,Produto externo 0000269,Tecnologia,FORN-00003,23.843
270,Produto externo 0000270,Brinquedos,FORN-00017,8.492
271,Produto externo 0000271,Casa,FORN-00013,24.352
272,Produto externo 0000272,Jardim,FORN-00015,4.889
273,Produto externo 0000273,Eletrônicos,FORN-00045,19.793
274,Produto externo 0000274,Moda,FORN-00027,11.251
275,Produto externo 0000275,Alimentos,FORN-00010,23.246
276,Produto externo 0000276,Casa,FORN-00027,9.034
277,Produto externo 0000277,Eletrônicos,FORN-00005,9.32
278,Produto externo 0000278,Pet,FORN-00009,11.174
279,Produto externo 0000279,Moda,FORN-00004,1.208
280,Produto externo 0000280,Brinquedos,FORN-00004,28.316
281,Produto externo 0000281,Eletrônicos,FORN-00027,28.213
282,Produto externo 0000282,Brinquedos,FORN-00017,18.967
283,Produto externo 0000283,Moda,FORN-00013,15.884
284,Produto externo 0000284,Eletrônicos,FORN-00030,29.112
285,Produto externo 0000285,Casa,FORN-00028,0.749
286,Produto externo 0000286,Moda,FORN-00024,19.732
287,Produto externo 0000287,Moda,FORN-00024,23.992
288,Produto externo 0000288,Tecnologia,FORN-00026,1.415
289,Produto externo 0000289,Brinquedos,FORN-00026,23.8
290,Produto externo 0000290,Papelaria,FORN-00003,29.31
291,Produto externo 0000291,Esporte,FORN-00007,5.295
292,Produto externo 0000292,Eletrônicos,FORN-00009,14.251
293,Produto externo 0000293,Jardim,FORN-00001,27.749
294,Produto externo 0000294,Jardim,FORN-00025,3.683
295,Produto externo 0000295,Moda,FORN-00030,18.97
296,Produto externo 0000296,Eletrônicos,FORN-00010,25.544
297,Produto externo 0000297,Brinquedos,FORN-00030,21.858
298,Produto externo 0000298,Pet,FORN-00029,4.383
299,Produto externo 0000299,Tecnologia,FORN-00024,4.053
300,Produto externo 0000300,Alimentos,FORN-00012,8.606
301,Produto externo 0000301,Alimentos,FORN-00013,13.252
302,Produto externo 0000302,Papelaria,FORN-00020,21.084
303,Produto externo 0000303,Pet,FORN-00015,15.67
304,Produto externo 0000304,Papelaria,FORN-00015,2.269
305,Produto externo 0000305,Papelaria,FORN-00003,14.99
306,Produto externo 0000306,Eletrônicos,FORN-00016,24.874
307,Produto externo 0000307,Moda,FORN-00010,5.609
308,Produto externo 0000308,Brinquedos,FORN-00008,19.125
309,Produto externo 0000309,Papelaria,FORN-00015,27.34
310,Produto externo 0000310,Esporte,FORN-00012,28.57
311,Produto externo 0000311,Eletrônicos,FORN-00002,0.33
312,Produto externo 0000312,Moda,FORN-00024,7.525
313,Produto externo 0000313,Beleza,FORN-00005,12.146
314,Produto externo 0000314,Casa,FORN-00025,12.973
315,Produto externo 0000315,Casa,FORN-00012,3.362
316,Produto externo 0000316,Pet,FORN-00011,12.015
317,Produto externo 0000317,Alimentos,FORN-00002,17.013
318,Produto externo 0000318,Esporte,FORN-00011,20.746
319,Produto externo 0000319,Esporte,FORN-00023,16.87
320,Produto externo 0000320,Jardim,FORN-00019,2.209
321,Produto externo 0000321,Casa,FORN-00024,26.958
322,Produto externo 0000322,Jardim,FORN-00012,24.878
323,Produto externo 0000323,Alimentos,FORN-00017,14.749
324,Produto externo 0000324,Tecnologia,FORN-00006,29.383
325,Produto externo 0000325,Pet,FORN-00007,11.303
326,Produto externo 0000326,Moda,FORN-00007,26.907
327,Produto externo 0000327,Alimentos,FORN-00002,8.446
328,Produto externo 0000328,Moda,FORN-00002,22.919
329,Produto externo 0000329,Brinquedos,FORN-00027,16.378
330,Produto externo 0000330,Esporte,FORN-00014,17.914
331,Produto externo 0000331,Alimentos,FORN-00020,26.561
332,Produto externo 0000332,Jardim,FORN-00019,11.4
333,Produto externo 0000333,Tecnologia,FORN-00020,
334,Produto externo 0000334,Alimentos,FORN-00004,26.14
335,Produto externo 0000335,Tecnologia,FORN-00002,28.568
336,Produto externo 0000336,Casa,FORN-00020,24.871
337,Produto externo 0000337,Tecnologia,FORN-00013,12.12
338,Produto externo 0000338,Pet,FORN-00004,2.057
339,Produto externo 0000339,Brinquedos,FORN-00010,2.505
340,Produto externo 0000340,Beleza,FORN-00011,2.28
341,Produto externo 0000341,Alimentos,FORN-00030,1.617
342,Produto externo 0000342,Pet,FORN-00028,28.224
343,Produto externo 0000343,Tecnologia,FORN-00005,13.916
344,Produto externo 0000344,Tecnologia,FORN-00030,22.023
345,Produto externo 0000345,Tecnologia,FORN-00019,15.084
346,Produto externo 0000346,Pet,FORN-00007,12.402
347,Produto externo 0000347,Moda,FORN-00028,27.773
348,Produto externo 0000348,Casa,FORN-00007,4.257
349,Produto externo 0000349,Tecnologia,FORN-00023,26.362
350,Produto externo 0000350,Jardim,FORN-00007,19.943
351,Produto externo 0000351,Jardim,FORN-00030,24.55
352,Produto externo 0000352,Brinquedos,FORN-00023,1.738
353,Produto externo 0000353,Moda,FORN-00018,1.217
354,Produto externo 0000354,Casa,FORN-00015,5.675
355,Produto externo 0000355,Brinquedos,FORN-00017,12.005
356,Produto externo 0000356,Esporte,FORN-00007,14.634
357,Produto externo 0000357,Papelaria,FORN-00018,8.097
358,Produto externo 0000358,Brinquedos,FORN-00012,0.972
359,Produto externo 0000359,Casa,FORN-00002,10.534
360,Produto externo 0000360,Esporte,FORN-00027,19.793
361,Produto externo 0000361,Tecnologia,FORN-00026,5.964
362,Produto externo 0000362,Pet,FORN-00018,14.738
363,Produto externo 0000363,Esporte,FORN-00001,21.331
364,Produto externo 0000364,Beleza,FORN-00024,7.946
365,Produto externo 0000365,Livros,FORN-00020,16.766
366,Produto externo 0000366,Jardim,FORN-00011,7.554
367,Produto externo 0000367,Esporte,FORN-00002,8.783
368,Produto externo 0000368,Moda,FORN-00016,13.678
369,Produto externo 0000369,Beleza,FORN-00014,23.647
370,Produto externo 0000370,Pet,FORN-00004,5.541
371,Produto externo 0000371,Moda,FORN-00002,13.476
372,Produto externo 0000372,Beleza,FORN-00026,3.884
373,Produto externo 0000373,Pet,FORN-00013,7.358
374,Produto externo 0000374,Alimentos,FORN-00005,26.932
375,Produto externo 0000375,Moda,FORN-00005,19.096
376,Produto externo 0000376,Brinquedos,FORN-00025,8.101
377,Produto externo 0000377,Eletrônicos,FORN-00014,11.374
378,Produto externo 0000378,Tecnologia,FORN-00029,11.251
379,Produto externo 0000379,Alimentos,FORN-00005,22.317
380,Produto externo 0000380,Jardim,FORN-00010,19.826
381,Produto externo 0000381,Pet,FORN-00026,10.922
382,Produto externo 0000382,Jardim,FORN-00005,5.874
383,Produto externo 0000383,Beleza,FORN-00006,12.349
384,Produto externo 0000384,Beleza,FORN-00009,10.18
385,Produto externo 0000385,Moda,FORN-00005,27.266
386,Produto externo 0000386,Pet,FORN-00006,
387,Produto externo 0000387,Livros,FORN-00013,21.468
388,Produto externo 0000388,Casa,FORN-00018,4.406
389,Produto externo 0000389,Alimentos,FORN-00023,6.475
390,Produto externo 0000390,Papelaria,FORN-00011,1.995
391,Produto externo 0000391,Eletrônicos,FORN-00006,29.776
392,Produto externo 0000392, Alimentos ,FORN-00011,10.217
393,Produto externo 0000393,Pet,FORN-00028,6.524
394,Produto externo 0000394,Jardim,FORN-00006,25.92
395,Produto externo 0000395,Alimentos,FORN-00013,28.696
396,Produto externo 0000396,Casa,FORN-00017,0.285
397,Produto externo 0000397,Tecnologia,FORN-00009,25.507
398,Produto externo 0000398,Pet,FORN-00011,26.784
399,Produto externo 0000399,Beleza,FORN-00005,11.29
400,Produto externo 0000400,Tecnologia,FORN-00018,0.106
401,Produto externo 0000401,Alimentos,FORN-00020,11.036
402,Produto externo 0000402,Casa,FORN-00013,1.392
403,Produto externo 0000403,Brinquedos,FORN-00018,28.628
404,Produto externo 0000404,Jardim,FORN-00009,1.987
405,Produto externo 0000405,Pet,FORN-00023,26.247
406,Produto externo 0000406,Eletrônicos,FORN-00014,19.165
407,Produto externo 0000407,Esporte,FORN-00021,25.115
408,Produto externo 0000408,Casa,FORN-00026,26.388
409,Produto externo 0000409,Esporte,FORN-00019,2.919
410,Produto externo 0000410,Moda,FORN-00022,24.022
411,Produto externo 0000411,Eletrônicos,FORN-00004,23.005
412,Produto externo 0000412,Papelaria,FORN-00011,7.754
413,Produto externo 0000413,Moda,FORN-00005,3.298
414,Produto externo 0000414,Alimentos,FORN-00021,14.204
415,Produto externo 0000415,Moda,FORN-00026,17.67
416,Produto externo 0000416,Papelaria,FORN-00005,25.769
417,Produto externo 0000417,Casa,FORN-00005,14.524
418,Produto externo 0000418,Eletrônicos,FORN-00013,25.522
419,Produto externo 0000419,Pet,FORN-00021,12.288
420,Produto externo 0000420,Pet,FORN-00013,7.306
421,Produto externo 0000421,Alimentos,FORN-00016,13.685
422,Produto externo 0000422,Alimentos,FORN-00006,29.219
423,Produto externo 0000423,Livros,FORN-00009,26.386
424,Produto externo 0000424,Brinquedos,FORN-00018,17.428
425,Produto externo 0000425,Livros,FORN-00027,22.841
426,Produto externo 0000426,Jardim,FORN-00025,24.62
427,Produto externo 0000427,Jardim,FORN-00010,14.398
428,Produto externo 0000428,Eletrônicos,FORN-00015,28.529
429,Produto externo 0000429,Brinquedos,FORN-00011,15.002
430,Produto externo 0000430,Moda,FORN-00005,20.72
431,Produto externo 0000431,Pet,FORN-00006,14.643
432,Produto externo 0000432,Eletrônicos,FORN-00009,11.637
433,Produto externo 0000433,Alimentos,FORN-00006,23.52
434,Produto externo 0000434,Pet,FORN-00007,21.665
435,Produto externo 0000435,Papelaria,FORN-00024,16.365
436,Produto externo 0000436,Brinquedos,FORN-00030,27.466
437,Produto externo 0000437,Moda,FORN-00027,16.466
438,Produto externo 0000438,Livros,FORN-00008,29.357
439,Produto externo 0000439,Casa,FORN-00028,22.717
440,Produto externo 0000440,Livros,FORN-00005,17.537
441,Produto externo 0000441,Moda,FORN-00022,10.566
442,Produto externo 0000442,Pet,FORN-00029,7.224
443,Produto externo 0000443,Brinquedos,FORN-00003,13.774
444,Produto externo 0000444,Beleza,FORN-00025,3.298
445,Produto externo 0000445,Jardim,FORN-00008,29.608
446,Produto externo 0000446,Casa,FORN-00026,19.671
447,Produto externo 0000447,Papelaria,FORN-00015,27.886
448,Produto externo 0000448,Pet,FORN-00017,6.5
449,Produto externo 0000449,Esporte,FORN-00010,8.367
450,Produto externo 0000450,Alimentos,FORN-00019,28.525
451,Produto externo 0000451,Brinquedos,FORN-00003,24.68
452,Produto externo 0000452,Moda,FORN-00004,6.277
453,Produto externo 0000453,Papelaria,FORN-00001,4.654
454,Produto externo 0000454,Livros,FORN-00014,8.735
455,Produto externo 0000455,Eletrônicos,FORN-00007,27.019
456,Produto externo 0000456,Eletrônicos,FORN-00012,17.654
457,Produto externo 0000457,Papelaria,FORN-00014,18.41
458,Produto externo 0000458,Beleza,FORN-00018,5.401
459,Produto externo 0000459,Papelaria,FORN-00004,19.292
460,Produto externo 0000460,Moda,FORN-00025,6.138
461,Produto externo 0000461,Brinquedos,FORN-00015,10.054
462,Produto externo 0000462,Tecnologia,FORN-00011,23.687
463,Produto externo 0000463,Moda,FORN-00026,29.709
464,Produto externo 0000464,Jardim,FORN-00013,29.815
465,Produto externo 0000465,Jardim,FORN-00005,5.214
466,Produto externo 0000466,Jardim,FORN-00002,21.063
467,Produto externo 0000467,Esporte,FORN-00022,23.303
468,Produto externo 0000468,Jardim,FORN-00008,29.717
469,Produto externo 0000469,Moda,FORN-00020,12.134
470,Produto externo 0000470,Tecnologia,FORN-00025,22.2
471,Produto externo 0000471,Papelaria,FORN-00013,22.054
472,Produto externo 0000472,Jardim,FORN-00009,16.713
473,Produto externo 0000473,Esporte,FORN-00012,26.315
474,Produto externo 0000474,Eletrônicos,FORN-00015,13.56
475,Produto externo 0000475,Esporte,FORN-00020,28.689
476,Produto externo 0000476,Esporte,FORN-00014,13.954
477,Produto externo 0000477,Papelaria,FORN-00030,21.562
478,Produto externo 0000478,Pet,FORN-00006,20.688
479,Produto externo 0000479,Brinquedos,FORN-00008,20.139
480,Produto externo 0000480,Jardim,FORN-00017,19.521
481,Produto externo 0000481,Brinquedos,FORN-00016,1.312
482,Produto externo 0000482,Papelaria,FORN-00009,18.253
483,Produto externo 0000483,Moda,FORN-00013,10.732
484,Produto externo 0000484,Jardim,FORN-00028,21.312
485,Produto externo 0000485,Alimentos,FORN-00026,11.543
486,Produto externo 0000486,Eletrônicos,FORN-00025,6.862
487,Produto externo 0000487,Brinquedos,FORN-00027,9.124
488,Produto externo 0000488,Tecnologia,FORN-00017,22.886
489,Produto externo 0000489,Moda,FORN-00004,28.719
490,Produto externo 0000490,Moda,FORN-00005,25.801
491,Produto externo 0000491,Beleza,FORN-00017,17.587
492,Produto externo 0000492,Eletrônicos,FORN-00009,6.359
493,Produto externo 0000493,Casa,FORN-00007,6.486
494,Produto externo 0000494,Esporte,FORN-00014,17.844
495,Produto externo 0000495,Moda,FORN-00026,5.77
496,Produto externo 0000496,Papelaria,FORN-00020,23.849
497,Produto externo 0000497,Moda,FORN-00007,0.156
498,Produto externo 0000498,Esporte,FORN-00002,29.981
499,Produto externo 0000499,Livros,FORN-00018,11.425
500,Produto externo 0000500,Eletrônicos,FORN-00029,22.584
