product_id,quantity,snapshot_date,warehouse
1,1833,2026-08-31,SP01
2,1412,2026-08-31,SP01
3,1216,2026-08-31,RJ01
4,275,2026-08-31,RJ01
5,810,2026-08-31,MG01
6,12,2026-08-31,SP01
7,1843,2026-08-31,MG01
8,306,2026-08-31,RJ01
9,192,2026-08-31,SP01
10,433,2026-08-31,SP01
11,1702,2026-08-31,MG01
12,286,2026-08-31,SP01
13,1519,2026-08-31,SP01
14,285,2026-08-31,MG01
15,393,2026-08-31,SP01
16,1163,2026-08-31,RJ01
17,1640,2026-08-31,RJ01
18,846,2026-08-31,RJ01
19,1658,2026-08-31,MG01
20,368,2026-08-31,MG01
21,454,2026-08-31,MG01
22,1308,2026-08-31,RJ01
23,648,2026-08-31,RJ01
24,792,2026-08-31,RJ01
25,286,2026-08-31,RJ01
26,323,2026-08-31,MG01
27,386,2026-08-31,SP01
28,658,2026-08-31,SP01
29,1369,2026-08-31,RJ01
30,1061,2026-08-31,RJ01
31,654,2026-08-31,MG01
32,1692,2026-08-31,SP01
33,348,2026-08-31,MG01
34,679,2026-08-31,SP01
35,122,2026-08-31,SP01
36,1606,2026-08-31,RJ01
37,267,2026-08-31,MG01
38,1835,2026-08-31,RJ01
39,1089,2026-08-31,RJ01
40,246,2026-08-31,SP01
41,219,2026-08-31,MG01
42,1441,2026-08-31,MG01
43,256,2026-08-31,MG01
44,1060,2026-08-31,RJ01
45,1207,2026-08-31,SP01
46,1556,2026-08-31,SP01
47,75,2026-08-31,SP01
48,736,2026-08-31,RJ01
49,104,2026-08-31,MG01
50,1407,2026-08-31,MG01
51,1592,2026-08-31,RJ01
52,755,2026-08-31,MG01
53,581,2026-08-31,RJ01
54,1919,2026-08-31,MG01
55,764,2026-08-31,MG01
56,421,2026-08-31,SP01
57,575,2026-08-31,RJ01
58,1754,2026-08-31,SP01
59,1670,2026-08-31,MG01
60,1256,2026-08-31,MG01
61,1215,2026-08-31,RJ01
62,1462,2026-08-31,RJ01
63,1141,2026-08-31,SP01
64,892,2026-08-31,MG01
65,1028,2026-08-31,MG01
66,1615,2026-08-31,RJ01
67,1476,2026-08-31,RJ01
68,711,2026-08-31,MG01
69,1767,2026-08-31,SP01
70,728,2026-08-31,SP01
71,237,2026-08-31,SP01
72,1969,2026-08-31,SP01
73,1153,2026-08-31,SP01
74,1315,2026-08-31,SP01
75,1440,2026-08-31,MG01
76,460,2026-08-31,MG01
77,964,2026-08-31,SP01
78,720,2026-08-31,SP01
79,342,2026-08-31,MG01
80,30,2026-08-31,RJ01
81,497,2026-08-31,RJ01
82,1978,2026-08-31,MG01
83,93,2026-08-31,SP01
84,863,2026-08-31,SP01
85,295,2026-08-31,MG01
86,1156,2026-08-31,SP01
87,1985,2026-08-31,SP01
88,1915,2026-08-31,MG01
89,1726,2026-08-31,MG01
90,406,2026-08-31,SP01
91,31,2026-08-31,SP01
92,535,2026-08-31,SP01
93,477,2026-08-31,SP01
94,1260,2026-08-31,RJ01
95,1123,2026-08-31,RJ01
96,1240,2026-08-31,MG01
97,1060,2026-08-31,SP01
98,1341,2026-08-31,SP01
99,1925,2026-08-31,SP01
100,1556,2026-08-31,RJ01
101,1970,2026-08-31,RJ01
102,1380,2026-08-31,MG01
103,1231,2026-08-31,RJ01
104,1215,2026-08-31,RJ01
105,618,2026-08-31,RJ01
106,1812,2026-08-31,MG01
107,1729,2026-08-31,SP01
108,926,2026-08-31,MG01
109,85,2026-08-31,MG01
110,1498,2026-08-31,SP01
111,966,2026-08-31,SP01
112,875,2026-08-31,RJ01
113,145,2026-08-31,RJ01
114,1828,2026-08-31,SP01
115,1861,2026-08-31,RJ01
116,910,2026-08-31,MG01
117,1456,2026-08-31,MG01
118,308,2026-08-31,RJ01
119,822,2026-08-31,RJ01
120,1493,2026-08-31,SP01
121,1363,2026-08-31,RJ01
122,59,2026-08-31,RJ01
123,24,2026-08-31,RJ01
124,280,2026-08-31,MG01
125,1511,2026-08-31,RJ01
126,934,2026-08-31,MG01
127,292,2026-08-31,MG01
128,10,2026-08-31,SP01
129,1922,2026-08-31,RJ01
130,1669,2026-08-31,RJ01
131,1068,2026-08-31,MG01
132,1943,2026-08-31,MG01
133,1899,2026-08-31,MG01
134,1649,2026-08-31,RJ01
135,11,2026-08-31,SP01
136,30,2026-08-31,MG01
137,1367,2026-08-31,MG01
138,557,2026-08-31,MG01
139,1407,2026-08-31,MG01
140,460,2026-08-31,SP01
141,1646,2026-08-31,RJ01
142,1432,2026-08-31,RJ01
143,1206,2026-08-31,SP01
144,1020,2026-08-31,SP01
145,465,2026-08-31,MG01
146,1007,2026-08-31,SP01
147,233,2026-08-31,MG01
148,1257,2026-08-31,SP01
149,808,2026-08-31,SP01
150,525,2026-08-31,RJ01
151,1224,2026-08-31,SP01
152,419,2026-08-31,RJ01
153,1264,2026-08-31,RJ01
154,1219,2026-08-31,RJ01
155,421,2026-08-31,SP01
156,1007,2026-08-31,RJ01
157,570,2026-08-31,RJ01
158,495,2026-08-31,MG01
159,1529,2026-08-31,RJ01
160,553,2026-08-31,RJ01
161,1306,2026-08-31,SP01
162,1313,2026-08-31,MG01
163,100,2026-08-31,RJ01
164,1637,2026-08-31,MG01
165,530,2026-08-31,MG01
166,1708,2026-08-31,MG01
167,1488,2026-08-31,RJ01
168,84,2026-08-31,SP01
169,1457,2026-08-31,RJ01
170,10,2026-08-31,SP01
171,474,2026-08-31,MG01
172,176,2026-08-31,MG01
173,1621,2026-08-31,SP01
174,242,2026-08-31,SP01
175,1664,2026-08-31,SP01
176,819,2026-08-31,MG01
177,554,2026-08-31,RJ01
178,173,2026-08-31,MG01
179,643,2026-08-31,RJ01
180,389,2026-08-31,SP01
181,675,2026-08-31,SP01
182,720,2026-08-31,RJ01
183,1327,2026-08-31,SP01
184,1965,2026-08-31,RJ01
185,1403,2026-08-31,SP01
186,1674,2026-08-31,SP01
187,1583,2026-08-31,MG01
188,1036,2026-08-31,MG01
189,176,2026-08-31,MG01
190,154,2026-08-31,MG01
191,992,2026-08-31,RJ01
192,909,2026-08-31,RJ01
193,18,2026-08-31,SP01
194,621,2026-08-31,RJ01
195,1680,2026-08-31,MG01
196,1805,2026-08-31,MG01
197,1582,2026-08-31,SP01
198,316,2026-08-31,MG01
199,715,2026-08-31,MG01
200,1784,2026-08-31,MG01
201,1814,2026-08-31,RJ01
202,1425,2026-08-31,SP01
203,1217,2026-08-31,RJ01
204,190,2026-08-31,MG01
205,1698,2026-08-31,SP01
206,404,2026-08-31,MG01
207,335,2026-08-31,MG01
208,1311,2026-08-31,RJ01
209,801,2026-08-31,MG01
210,1144,2026-08-31,RJ01
211,173,2026-08-31,MG01
212,499,2026-08-31,SP01
213,1149,2026-08-31,SP01
214,221,2026-08-31,MG01
215,120,2026-08-31,SP01
216,1155,2026-08-31,MG01
217,1716,2026-08-31,RJ01
218,935,2026-08-31,MG01
219,1754,2026-08-31,MG01
220,1388,2026-08-31,MG01
221,753,2026-08-31,MG01
222,1858,2026-08-31,RJ01
223,1319,2026-08-31,MG01
224,1082,2026-08-31,SP01
225,1274,2026-08-31,MG01
226,1065,2026-08-31,RJ01
227,1493,2026-08-31,SP01
228,314,2026-08-31,SP01
229,183,2026-08-31,MG01
230,1679,2026-08-31,RJ01
231,855,2026-08-31,RJ01
232,1909,2026-08-31,SP01
233,199,2026-08-31,MG01
234,840,2026-08-31,SP01
235,1178,2026-08-31,RJ01
236,1791,2026-08-31,MG01
237,1083,2026-08-31,MG01
238,1831,2026-08-31,RJ01
239,424,2026-08-31,MG01
240,576,2026-08-31,RJ01
241,252,2026-08-31,SP01
242,1307,2026-08-31,RJ01
243,228,2026-08-31,MG01
244,462,2026-08-31,MG01
245,461,2026-08-31,RJ01
246,1995,2026-08-31,MG01
247,1492,2026-08-31,SP01
248,721,2026-08-31,MG01
249,1212,2026-08-31,RJ01
250,1063,2026-08-31,SP01
251,488,2026-08-31,SP01
252,392,2026-08-31,RJ01
253,854,2026-08-31,RJ01
254,1734,2026-08-31,MG01
255,1814,2026-08-31,MG01
256,1037,2026-08-31,SP01
257,1804,2026-08-31,SP01
258,716,2026-08-31,MG01
259,165,2026-08-31,RJ01
260,1282,2026-08-31,RJ01
261,357,2026-08-31,MG01
262,1560,2026-08-31,RJ01
263,1389,2026-08-31,RJ01
264,210,2026-08-31,MG01
265,154,2026-08-31,RJ01
266,1529,2026-08-31,SP01
267,1625,2026-08-31,RJ01
268,386,2026-08-31,MG01
269,93,2026-08-31,SP01
270,1596,2026-08-31,SP01
271,1089,2026-08-31,SP01
272,649,2026-08-31,MG01
273,1784,2026-08-31,MG01
274,149,2026-08-31,MG01
275,362,2026-08-31,SP01
276,1084,2026-08-31,SP01
277,436,2026-08-31,SP01
278,1644,2026-08-31,MG01
279,371,2026-08-31,RJ01
280,1939,2026-08-31,SP01
281,1778,2026-08-31,RJ01
282,712,2026-08-31,MG01
283,1452,2026-08-31,SP01
284,1960,2026-08-31,SP01
285,537,2026-08-31,MG01
286,924,2026-08-31,MG01
287,374,2026-08-31,MG01
288,196,2026-08-31,MG01
289,864,2026-08-31,SP01
290,1722,2026-08-31,RJ01
291,320,2026-08-31,MG01
292,760,2026-08-31,RJ01
293,1761,2026-08-31,MG01
294,568,2026-08-31,MG01
295,434,2026-08-31,RJ01
296,677,2026-08-31,RJ01
297,664,2026-08-31,RJ01
298,1062,2026-08-31,RJ01
299,1992,2026-08-31,MG01
300,548,2026-08-31,MG01
301,1360,2026-08-31,SP01
302,287,2026-08-31,SP01
303,1416,2026-08-31,RJ01
304,488,2026-08-31,RJ01
305,667,2026-08-31,SP01
306,1332,2026-08-31,SP01
307,181,2026-08-31,SP01
308,1898,2026-08-31,SP01
309,1787,2026-08-31,SP01
310,653,2026-08-31,RJ01
311,510,2026-08-31,RJ01
312,1971,2026-08-31,RJ01
313,1504,2026-08-31,RJ01
314,124,2026-08-31,MG01
315,336,2026-08-31,RJ01
316,1567,2026-08-31,RJ01
317,1901,2026-08-31,RJ01
318,407,2026-08-31,RJ01
319,966,2026-08-31,RJ01
320,1953,2026-08-31,RJ01
321,754,2026-08-31,RJ01
322,1199,2026-08-31,MG01
323,1361,2026-08-31,MG01
324,785,2026-08-31,SP01
325,1254,2026-08-31,SP01
326,1355,2026-08-31,SP01
327,1819,2026-08-31,SP01
328,979,2026-08-31,RJ01
329,1148,2026-08-31,SP01
330,1155,2026-08-31,RJ01
331,1839,2026-08-31,MG01
332,1650,2026-08-31,MG01
333,1029,2026-08-31,RJ01
334,1210,2026-08-31,SP01
335,835,2026-08-31,SP01
336,940,2026-08-31,MG01
337,1397,2026-08-31,SP01
338,840,2026-08-31,MG01
339,1610,2026-08-31,MG01
340,722,2026-08-31,MG01
341,999,2026-08-31,SP01
342,1045,2026-08-31,SP01
343,122,2026-08-31,SP01
344,328,2026-08-31,RJ01
345,1900,2026-08-31,SP01
346,1989,2026-08-31,RJ01
347,1687,2026-08-31,RJ01
348,553,2026-08-31,MG01
349,908,2026-08-31,SP01
350,1997,2026-08-31,SP01
351,1605,2026-08-31,RJ01
352,288,2026-08-31,MG01
353,1283,2026-08-31,MG01
354,102,2026-08-31,SP01
355,625,2026-08-31,MG01
356,1525,2026-08-31,MG01
357,670,2026-08-31,MG01
358,566,2026-08-31,SP01
359,1646,2026-08-31,SP01
360,729,2026-08-31,RJ01
361,56,2026-08-31,RJ01
362,1213,2026-08-31,RJ01
363,346,2026-08-31,RJ01
364,240,2026-08-31,SP01
365,768,2026-08-31,RJ01
366,1895,2026-08-31,RJ01
367,320,2026-08-31,MG01
368,1592,2026-08-31,RJ01
369,1543,2026-08-31,MG01
370,622,2026-08-31,SP01
371,925,2026-08-31,MG01
372,911,2026-08-31,SP01
373,1959,2026-08-31,MG01
374,1326,2026-08-31,RJ01
375,139,2026-08-31,SP01
376,1304,2026-08-31,RJ01
377,592,2026-08-31,SP01
378,688,2026-08-31,SP01
379,574,2026-08-31,SP01
380,1937,2026-08-31,MG01
381,911,2026-08-31,MG01
382,1865,2026-08-31,SP01
383,645,2026-08-31,SP01
384,1800,2026-08-31,RJ01
385,1985,2026-08-31,RJ01
386,798,2026-08-31,RJ01
387,687,2026-08-31,SP01
388,947,2026-08-31,RJ01
389,1317,2026-08-31,RJ01
390,1780,2026-08-31,SP01
391,1789,2026-08-31,SP01
392,253,2026-08-31,RJ01
393,1276,2026-08-31,RJ01
394,1328,2026-08-31,SP01
395,1298,2026-08-31,RJ01
396,1380,2026-08-31,MG01
397,47,2026-08-31,MG01
398,1955,2026-08-31,RJ01
399,248,2026-08-31,SP01
400,666,2026-08-31,SP01
401,973,2026-08-31,RJ01
402,785,2026-08-31,MG01
403,1649,2026-08-31,RJ01
404,1537,2026-08-31,SP01
405,1185,2026-08-31,MG01
406,1873,2026-08-31,MG01
407,543,2026-08-31,SP01
408,1686,2026-08-31,RJ01
409,1214,2026-08-31,RJ01
410,902,2026-08-31,RJ01
411,953,2026-08-31,MG01
412,1580,2026-08-31,SP01
413,1950,2026-08-31,MG01
414,439,2026-08-31,MG01
415,1668,2026-08-31,MG01
416,350,2026-08-31,MG01
417,1120,2026-08-31,MG01
418,1030,2026-08-31,SP01
419,1682,2026-08-31,SP01
420,194,2026-08-31,SP01
421,1019,2026-08-31,RJ01
422,207,2026-08-31,SP01
423,632,2026-08-31,MG01
424,841,2026-08-31,MG01
425,340,2026-08-31,SP01
426,1620,2026-08-31,RJ01
427,1663,2026-08-31,RJ01
428,14,2026-08-31,MG01
429,695,2026-08-31,SP01
430,1199,2026-08-31,MG01
431,1292,2026-08-31,RJ01
432,1378,2026-08-31,SP01
433,1493,2026-08-31,RJ01
434,864,2026-08-31,MG01
435,1880,2026-08-31,MG01
436,1067,2026-08-31,RJ01
437,313,2026-08-31,SP01
438,1396,2026-08-31,MG01
439,1510,2026-08-31,RJ01
440,270,2026-08-31,RJ01
441,214,2026-08-31,SP01
442,1421,2026-08-31,SP01
443,1696,2026-08-31,RJ01
444,712,2026-08-31,MG01
445,276,2026-08-31,SP01
446,1318,2026-08-31,SP01
447,1666,2026-08-31,MG01
448,1555,2026-08-31,RJ01
449,923,2026-08-31,MG01
450,1412,2026-08-31,SP01
451,362,2026-08-31,MG01
452,498,2026-08-31,RJ01
453,1575,2026-08-31,MG01
454,489,2026-08-31,MG01
455,791,2026-08-31,RJ01
456,1564,2026-08-31,SP01
457,1051,2026-08-31,MG01
458,588,2026-08-31,SP01
459,1669,2026-08-31,MG01
460,1159,2026-08-31,SP01
461,1922,2026-08-31,SP01
462,789,2026-08-31,SP01
463,607,2026-08-31,SP01
464,1606,2026-08-31,SP01
465,1412,2026-08-31,RJ01
466,301,2026-08-31,MG01
467,961,2026-08-31,RJ01
468,1189,2026-08-31,RJ01
469,366,2026-08-31,RJ01
470,1549,2026-08-31,SP01
471,1891,2026-08-31,RJ01
472,764,2026-08-31,MG01
473,862,2026-08-31,RJ01
474,1425,2026-08-31,RJ01
475,1767,2026-08-31,MG01
476,653,2026-08-31,RJ01
477,599,2026-08-31,RJ01
478,1459,2026-08-31,MG01
479,898,2026-08-31,MG01
480,269,2026-08-31,RJ01
481,1016,2026-08-31,RJ01
482,577,2026-08-31,MG01
483,601,2026-08-31,RJ01
484,1657,2026-08-31,MG01
485,1955,2026-08-31,SP01
486,1581,2026-08-31,MG01
487,831,2026-08-31,RJ01
488,1022,2026-08-31,RJ01
489,847,2026-08-31,MG01
490,124,2026-08-31,SP01
491,858,2026-08-31,RJ01
492,626,2026-08-31,SP01
493,949,2026-08-31,SP01
494,1568,2026-08-31,MG01
495,319,2026-08-31,RJ01
496,1108,2026-08-31,MG01
497,225,2026-08-31,MG01
498,312,2026-08-31,SP01
499,1724,2026-08-31,MG01
500,580,2026-08-31,MG01
